
{
	"pages": [
	  {
		"path": "pages/login/login",
		"style": {
		  "navigationBarTitleText": "",
		  "navigationStyle": "custom",
		  "disableScroll": true,
		  "app-plus": {
			"titleNView": false
		  }
		}
	  },
	  {
		"path": "pages/tabbar/tabbar-1/tabbar-1",
		"style": {
		  "navigationBarTitleText": "首页",
		  "navigationBarBackgroundColor": "#1E90FF",
		  "navigationBarTextStyle": "white"
		}
	  },
	  {
		"path": "pages/tabbar/tabbar-4/tabbar-4",
		"style": {
		  "navigationBarTitleText": "搜索",
		  "navigationBarBackgroundColor": "#1E90FF",
		  "navigationBarTextStyle": "white"
		}
	  },
	  {
		"path": "pages/tabbar/tabbar-3/tabbar-3",
		"style": {
		  "navigationBarTitleText": "记录",
		  "navigationBarBackgroundColor": "#1E90FF",
		  "navigationBarTextStyle": "white"
		}
	  },
	  {
		"path": "pages/tabbar/tabbar-2/tabbar-2",
		"style": {
		  "navigationBarTitleText": "咨询",
		  "navigationBarBackgroundColor": "#1E90FF",
		  "navigationBarTextStyle": "white"
		}
	  },
	  {
		"path": "pages/tabbar/tabbar-5/tabbar-5",
		"style": {
		  "navigationBarTitleText": "个人中心",
		  "navigationBarBackgroundColor": "#1E90FF",
		  "navigationBarTextStyle": "white"
		}
	  }
	],
	"tabBar": {
	  "color": "#666",
	  "selectedColor": "#1E90FF",
	  "backgroundColor": "#fff",
	  "borderStyle": "black",
	  "list": [
		{
		  "pagePath": "pages/tabbar/tabbar-1/tabbar-1",
		  "text": "首页",
		  "iconPath": "static/img/tabbar/home.png",
		  "selectedIconPath": "static/img/tabbar/homeactive.png"
		},
		{
		  "pagePath": "pages/tabbar/tabbar-4/tabbar-4",
		  "text": "搜索",
		  "iconPath": "static/img/tabbar/guanzhu.png",
		  "selectedIconPath": "static/img/tabbar/guanzhuactive.png"
		},
		{
		  "pagePath": "pages/tabbar/tabbar-3/tabbar-3",
		  "text": "记录",
		  "iconPath": "static/img/tabbar/add.png",
		  "selectedIconPath": "static/img/tabbar/addactive.png"
		},
		{
		  "pagePath": "pages/tabbar/tabbar-2/tabbar-2",
		  "text": "咨询",
		  "iconPath": "static/img/tabbar/news.png",
		  "selectedIconPath": "static/img/tabbar/newsactive.png"
		},
		{
		  "pagePath": "pages/tabbar/tabbar-5/tabbar-5",
		  "text": "我的",
		  "iconPath": "static/img/tabbar/me.png",
		  "selectedIconPath": "static/img/tabbar/meactive.png"
		}
	  ]
	},
	"globalStyle": {
	  "navigationBarBackgroundColor": "#1E90FF",
	  "navigationBarTextStyle": "white",
	  "backgroundColor": "#F8F8F8"
	}
  }